fold,best_f1
1,0.9849624060150376
2,0.9782473586078309
